﻿<?xml version="1.0" encoding="UTF-8"?>
<prefab>
  <property name="CopyAirBlocks" value="True" />
  <property name="ExcludeDistantPOIMesh" value="False" />
  <property name="ExcludePOICulling" value="False" />
  <property name="DistantPOIYOffset" value="0" />
  <property name="AllowTopSoilDecorations" value="True" />
  <property name="DifficultyTier" value="5" />
  <property name="ShowQuestClearCount" value="3" />
  <property name="TraderArea" value="False" />
  <property name="PrefabSize" value="60, 32, 60" />
  <property name="RotationToFaceNorth" value="2" />
  <property name="Zoning" value="none" />
  <property name="YOffset" value="-14" />
  <property name="POIMarkerSize" value="9, 13, 3#9, 13, 3" />
  <property name="POIMarkerStart" value="1, 13, -3#50, 13, -3" />
  <property name="POIMarkerGroup" value="1,2" />
  <property name="POIMarkerTags" value="#" />
  <property name="POIMarkerType" value="PartSpawn,PartSpawn" />
  <property name="POIMarkerPartToSpawn" value="part_driveway_rural_10,part_driveway_rural_10" />
  <property name="POIMarkerPartRotations" value="2,2" />
  <property name="POIMarkerPartSpawnChance" value="1,1" />
  <property name="Tags" value="snow,desert,rural,pine_forest,bandit,enemy,npc" />
  <property name="SleeperVolumeSize" value="12, 2, 23#12, 5, 22#58, 3, 32#16, 3, 10#14, 3, 6#14, 3, 6#8, 3, 10#10, 3, 4#4, 3, 11#14, 3, 13#10, 3, 6#10, 3, 6#7, 1, 3#7, 1, 1#4, 4, 2#14, 3, 10#3, 3, 8#17, 3, 3#5, 3, 9#7, 3, 9#4, 2, 6#11, 4, 9#27, 3, 5#10, 3, 9#10, 3, 8#10, 3, 12#1, 2, 5#10, 3, 9#9, 3, 3#4, 3, 12#6, 2, 3#8, 2, 3#14, 3, 11#2, 2, 7#2, 3, 5" />
  <property name="SleeperVolumeStart" value="46, 14, 34#46, 16, 35#1, 14, 2#30, 14, 34#30, 14, 44#30, 14, 50#2, 14, 36#10, 14, 42#16, 14, 46#2, 14, 45#19, 14, 42#19, 14, 48#22, 14, 54#28, 19, 1#23, 17, 55#16, 22, 48#30, 22, 47#2, 22, 54#3, 22, 47#9, 22, 47#12, 22, 37#32, 2, 27#3, 2, 29#10, 2, 33#20, 2, 34#20, 2, 17#1, 2, 29#20, 22, 39#21, 22, 36#16, 22, 36#15, 22, 33#2, 22, 33#2, 22, 36#9, 26, 37#30, 2, 29" />
  <property name="SleeperVolumeGroupId" value="1,1,4,97,0,0,2,2,2,0,3,0,3,0,5,0,97,0,0,0,0,33,0,0,0,0,33,22,4,44,4,4,55,55,33" />
  <property name="SleeperVolumeGroup" value="S_-Group_NPC_Bandits_All,10,10,S_-Group_NPC_Bandits_All,2,6,S_-Group_NPC_Bandits_All,10,10,S_-Group_NPC_Bandits_All,2,4,animalChicken,1,2,animalChicken,1,2,S_-Group_NPC_Bandits_All,2,2,S_-Group_NPC_Bandits_All,1,1,S_-Group_NPC_Bandits_All,1,1,S_-Group_NPC_Bandits_All,5,5,S_-Group_NPC_Bandits_All,2,2,S_-Group_NPC_Bandits_All,2,2,S_-Group_NPC_Bandits_Boss,1,1,animalRabbit,2,2,S_-Group_NPC_Bandits_All,0,0,S_-Group_NPC_Bandits_All,2,2,S_-Group_NPC_Bandits_Ranged,1,4,S_-Group_NPC_Bandits_All,2,4,S_-Group_NPC_Bandits_All,3,3,S_-Group_NPC_Bandits_All,2,3,S_-Group_NPC_Bandits_All,2,2,S_-Group_NPC_Bandits_All,14,14,S_-Group_NPC_Bandits_All,3,5,S_-Group_NPC_Bandits_All,2,4,S_-Group_NPC_Bandits_All,2,4,S_-Group_NPC_Bandits_All,5,8,S_-Group_NPC_Bandits_Boss,5,5,S_-Group_NPC_Bandits_All,1,2,S_-Group_NPC_Bandits_Ranged,1,4,S_-Group_NPC_Bandits_All,1,1,S_-Group_NPC_Bandits_Ranged,1,2,S_-Group_NPC_Bandits_Ranged,2,4,S_-Group_NPC_Bandits_Boss,3,3,S_-Group_NPC_Bandits_All,13,13,S_-Group_NPC_Bandits_All,0,0" />
  <property name="SleeperIsLootVolume" value="True,True,False,True,True,True,True,True,True,True,True,True,True,False,False,False,False,False,False,False,True,False,False,True,True,False,False,False,False,False,False,False,False,False,False" />
  <property name="SleeperIsQuestExclude" value="False,False,False,False,False,False,False,False,False,False,False,False,False,True,False,False,False,False,False,False,False,False,False,False,False,False,False,False,False,False,False,False,False,False,False" />
  <property name="SleeperVolumeFlags" value="2,2,2,2,0,0,0,2,2,0,0,0,2,0,2,0,2,0,0,0,0,2,0,2,2,0,2,0,2,0,2,2,0,2,2" />
  <property name="SleeperVolumeTriggeredBy" value=" # # # # # # # # # # # # # # # # # # # # # # # # # # # # # # # # # # " />
  <property name="EditorGroups" value="rural" />
  <property class="Stats">
    <property name="TotalVertices" value="1784657" />
    <property name="TotalTriangles" value="821810" />
    <property class="BlockEntities">
      <property name="Vertices" value="1443827" />
      <property name="Triangles" value="588158" />
    </property>
    <property class="ChunkMeshes0">
      <property name="Vertices" value="267816" />
      <property name="Triangles" value="177244" />
    </property>
    <property class="ChunkMeshes1">
      <property name="Vertices" value="49024" />
      <property name="Triangles" value="24512" />
    </property>
    <property class="ChunkMeshes2">
      <property name="Vertices" value="0" />
      <property name="Triangles" value="0" />
    </property>
    <property class="ChunkMeshes3">
      <property name="Vertices" value="4328" />
      <property name="Triangles" value="2164" />
    </property>
    <property class="ChunkMeshes4">
      <property name="Vertices" value="3352" />
      <property name="Triangles" value="1676" />
    </property>
    <property class="ChunkMeshes5">
      <property name="Vertices" value="0" />
      <property name="Triangles" value="0" />
    </property>
    <property class="ChunkMeshes6">
      <property name="Vertices" value="16310" />
      <property name="Triangles" value="28056" />
    </property>
  </property>
  <property class="IndexedBlockOffsets">
    <property class="Rally">
      <property name="0" value="9, 14, 0" />
    </property>
    <property class="POILight">
      <property name="0" value="50, 20, 51" />
      <property name="1" value="54, 20, 51" />
    </property>
    <property class="TraderOnOff">
      <property name="0" value="31, 15, 46" />
      <property name="1" value="37, 14, 46" />
      <property name="2" value="31, 15, 53" />
      <property name="3" value="37, 14, 53" />
    </property>
  </property>
</prefab>