﻿<?xml version="1.0" encoding="UTF-8"?>
<prefab>
  <property name="CopyAirBlocks" value="True" />
  <property name="ExcludeDistantPOIMesh" value="False" />
  <property name="ExcludePOICulling" value="False" />
  <property name="DistantPOIYOffset" value="0" />
  <property name="AllowTopSoilDecorations" value="True" />
  <property name="DifficultyTier" value="2" />
  <property name="ShowQuestClearCount" value="1" />
  <property name="TraderArea" value="False" />
  <property name="PrefabSize" value="42, 17, 42" />
  <property name="RotationToFaceNorth" value="2" />
  <property name="Zoning" value="none" />
  <property name="YOffset" value="-2" />
  <property name="POIMarkerSize" value="15, 13, 5" />
  <property name="POIMarkerStart" value="0, 1, -5" />
  <property name="POIMarkerGroup" value="1" />
  <property name="POIMarkerTags" value="" />
  <property name="POIMarkerType" value="PartSpawn" />
  <property name="POIMarkerPartToSpawn" value="part_driveway_residential_07" />
  <property name="POIMarkerPartRotations" value="2" />
  <property name="POIMarkerPartSpawnChance" value="1" />
  <property name="SleeperVolumeSize" value="12, 3, 15#12, 3, 11#12, 3, 13#11, 3, 9#3, 3, 22#9, 3, 3#9, 3, 5#9, 3, 12#11, 5, 7" />
  <property name="SleeperVolumeStart" value="2, 2, 21#15, 2, 16#15, 2, 2#28, 2, 5#27, 2, 14#30, 2, 32#30, 2, 26#30, 2, 14#18, 2, 28" />
  <property name="SleeperVolumeGroupId" value="0,0,0,0,0,0,0,0,0" />
  <property name="SleeperVolumeGroup" value="S_-Group_NPC_Bandits_All,2,2,S_-Group_NPC_Bandits_All,1,1,S_-Group_NPC_Bandits_All,3,3,S_-Group_NPC_Bandits_All,2,2,S_-Group_NPC_Bandits_Melee,1,1,S_-Group_NPC_Bandits_All,1,2,S_-Group_NPC_Bandits_Melee,2,2,S_-Group_NPC_Bandits_All,2,3,S_-Group_NPC_Bandits_All,3,4" />
  <property name="SleeperIsLootVolume" value="False,False,False,False,False,False,False,False,False" />
  <property name="SleeperIsQuestExclude" value="False,False,False,False,False,False,False,False,False" />
  <property name="SleeperVolumeFlags" value="0,0,0,0,0,0,0,0,2" />
  <property name="Tags" value="snow,desert,residential,pine_forest,bandit,enemy,npc" />
  <property name="QuestTags" value="clear, fetch" />
  <property name="SleeperVolumeTriggeredBy" value=" # # # # # # # # " />
  <property class="Stats">
    <property name="TotalVertices" value="816003" />
    <property name="TotalTriangles" value="335949" />
    <property class="BlockEntities">
      <property name="Vertices" value="738104" />
      <property name="Triangles" value="291272" />
    </property>
    <property class="ChunkMeshes0">
      <property name="Vertices" value="66149" />
      <property name="Triangles" value="33273" />
    </property>
    <property class="ChunkMeshes1">
      <property name="Vertices" value="0" />
      <property name="Triangles" value="0" />
    </property>
    <property class="ChunkMeshes2">
      <property name="Vertices" value="1000" />
      <property name="Triangles" value="500" />
    </property>
    <property class="ChunkMeshes3">
      <property name="Vertices" value="5352" />
      <property name="Triangles" value="2676" />
    </property>
    <property class="ChunkMeshes4">
      <property name="Vertices" value="288" />
      <property name="Triangles" value="144" />
    </property>
    <property class="ChunkMeshes5">
      <property name="Vertices" value="0" />
      <property name="Triangles" value="0" />
    </property>
    <property class="ChunkMeshes6">
      <property name="Vertices" value="5110" />
      <property name="Triangles" value="8084" />
    </property>
  </property>
  <property class="IndexedBlockOffsets">
    <property class="Rally">
      <property name="0" value="14, 2, 0" />
    </property>
    <property class="POILight">
      <property name="0" value="38, 2, 23" />
    </property>
    <property class="TraderOnOff">
      <property name="0" value="25, 3, 28" />
      <property name="1" value="30, 2, 28" />
      <property name="2" value="25, 3, 29" />
      <property name="3" value="25, 3, 30" />
      <property name="4" value="27, 2, 31" />
      <property name="5" value="30, 2, 33" />
    </property>
  </property>
</prefab>