﻿<?xml version="1.0" encoding="UTF-8"?>
<prefab>
  <property name="CopyAirBlocks" value="True" />
  <property name="AllowTopSoilDecorations" value="True" />
  <property name="TraderArea" value="False" />
  <property name="ExcludeDistantPOIMesh" value="False" />
  <property name="ExcludePOICulling" value="False" />
  <property name="QuestTags" value="clear, fetch" />
  <property name="DifficultyTier" value="2" />
  <property name="Zoning" value="ResidentialOld, Rural, wilderness" />
  <property name="AllowedBiomes" value="burnt_forest,wasteland" />
  <property name="AllowedTownships" value="rural,wilderness" />
  <property name="RotationToFaceNorth" value="2" />
  <property name="YOffset" value="-4" />
  <property name="DistantPOIYOffset" value="0" />
  <property name="EditorGroups" value="Wilderness, rural" />
  <property name="SleeperVolumeStart" value="8, 0, 5#20, 0, 5#1, 4, 1#1, 13, 35#1, 4, 9#10, 7, 26" />
  <property name="SleeperVolumeSize" value="12, 14, 29#13, 14, 29#21, 3, 5#5, 3, 5#6, 3, 22#5, 3, 6" />
  <property name="SleeperVolumeGroup" value="S_-Group_NPC_Bandits_All,4,4,S_-Group_NPC_Bandits_All,7,7,S_-Group_NPC_Bandits_Melee,1,1,S_-Group_NPC_Bandits_Ranged,2,2,S_-Group_NPC_Bandits_All,1,1,S_-Group_NPC_Bandits_Boss,2,4" />
  <property name="SleeperVolumeGameStageAdjust" value="," />
  <property name="SleeperIsLootVolume" value="False,False,False,False,False,True" />
  <property name="SleeperIsQuestExclude" value="False,False,False,False,False,False" />
  <property name="SleeperVolumeFlags" value="0,0,0,0,2,2" />
  <property name="SleeperVolumeGroupId" value="1,0,0,0,0,1" />
  <property name="ShowQuestClearCount" value="1" />
  <property name="Tags" value="wasteland,industrial,bandit,enemy,npc" />
  <property name="POIMarkerSize" value="6, 13, 1" />
  <property name="POIMarkerStart" value="14, 3, -1" />
  <property name="POIMarkerGroup" value="1" />
  <property name="POIMarkerTags" value="" />
  <property name="POIMarkerType" value="PartSpawn" />
  <property name="POIMarkerPartToSpawn" value="part_driveway_industrial_03" />
  <property name="POIMarkerPartRotations" value="2" />
  <property name="POIMarkerPartSpawnChance" value="1" />
  <property name="PrefabSize" value="42, 18, 42" />
  <property name="SleeperVolumeTriggeredBy" value=" # # # # # " />
  <property class="IndexedBlockOffsets">
    <property class="TraderOnOff">
      <property name="0" value="25, 8, 24" />
      <property name="1" value="25, 4, 27" />
      <property name="2" value="25, 8, 27" />
    </property>
    <property class="POILight">
      <property name="0" value="25, 4, 19" />
    </property>
    <property class="FetchContainer">
      <property name="0" value="22, 3, 24" />
    </property>
    <property class="Rally">
      <property name="0" value="25, 4, 0" />
    </property>
  </property>
  <property class="Stats">
    <property name="TotalVertices" value="822607" />
    <property name="TotalTriangles" value="338012" />
    <property class="BlockEntities">
      <property name="Vertices" value="763167" />
      <property name="Triangles" value="297961" />
    </property>
    <property class="ChunkMeshes0">
      <property name="Vertices" value="52474" />
      <property name="Triangles" value="30653" />
    </property>
    <property class="ChunkMeshes1">
      <property name="Vertices" value="0" />
      <property name="Triangles" value="0" />
    </property>
    <property class="ChunkMeshes2">
      <property name="Vertices" value="1146" />
      <property name="Triangles" value="612" />
    </property>
    <property class="ChunkMeshes3">
      <property name="Vertices" value="184" />
      <property name="Triangles" value="142" />
    </property>
    <property class="ChunkMeshes4">
      <property name="Vertices" value="288" />
      <property name="Triangles" value="144" />
    </property>
    <property class="ChunkMeshes5">
      <property name="Vertices" value="0" />
      <property name="Triangles" value="0" />
    </property>
    <property class="ChunkMeshes6">
      <property name="Vertices" value="5348" />
      <property name="Triangles" value="8500" />
    </property>
  </property>
</prefab>